category,count,pct
Nonmover,2064,82.85828984343637
Same county,249,9.995985547972701
Different county same state,65,2.609393817743878
Different region,37,1.4853472501003613
Not in universe,32,1.2846246487354476
Different state same division,18,0.7226013649136893
Abroad,14,0.5620232838217584
Different division same region,12,0.48173424327579284
