category,count,pct
All other,4318,86.5851213154201
Mexican-American,212,4.2510527371165026
Mexican (Mexicano),173,3.4690194505714858
Central or South American,102,2.045317826348506
Puerto Rican,74,1.4838580308802887
Other Spanish,61,1.2231802686986164
Cuban,32,0.6416683376779627
Do not know,10,0.20052135552436334
Chicano,5,0.10026067776218167
