category,count,pct
Nonmover,2064,82.85828984343637
MSA to MSA,271,10.879164993978321
NonMSA to nonMSA,69,2.769971898835809
Not in universe,32,1.2846246487354476
MSA to nonMSA,20,0.8028904054596547
Not identifiable,11,0.44158972300281013
Abroad to MSA,11,0.44158972300281013
NonMSA to MSA,10,0.40144520272982737
Abroad to nonMSA,3,0.12043356081894821
