category,count,pct
Not in universe,2096,84.14291449217181
No,275,11.039743075070254
Yes,120,4.817342432757928
