Model,Accuracy,Precision,Recall,F1-Score,ROC-AUC
Logistic Regression,0.922,0.3764705882352941,0.5614035087719298,0.4507042253521127,0.9306989637402094
Random Forest,0.91,0.36585365853658536,0.7894736842105263,0.5,0.9435359342151773
SVM,0.843,0.24489795918367346,0.8421052631578947,0.3794466403162055,0.9144201968335472
