Model,Accuracy,Precision,Recall
Logistic Regression,0.922,0.3764705882352941,0.5614035087719298
Random Forest,0.909,0.36507936507936506,0.8070175438596491
SVM,0.947,0.6428571428571429,0.15789473684210525
