Segment,Size,Size_Pct,Avg_Age,Avg_Education,Pct_Male,Pct_Married,Pct_FullTime,Pct_HighEd,Avg_CapitalGains,Avg_Dividends,Pct_HasCapital,Avg_WeeksWorked,Avg_NumEmployers,Pct_Income50K
Segment 0,1565,31.3,10.553993610223642,1.68370607028754,50.095846645367416,0.19169329073482427,0.7667731629392971,0.0,0.0,1.4843450479233227,0.5111821086261981,1.420447284345048,0.20319488817891374,0.0
Segment 1,1030,20.599999999999998,59.79805825242718,8.124271844660194,32.038834951456316,64.56310679611651,1.8446601941747571,10.0,160.5097087378641,358.2378640776699,14.563106796116504,3.20873786407767,0.2650485436893204,1.3592233009708738
Segment 2,2305,46.1,38.950108459869845,10.178308026030368,51.01952277657267,63.68763557483731,41.995661605206074,25.24945770065076,903.8581344902386,183.60216919739696,21.25813449023861,47.78698481561822,3.9913232104121477,10.629067245119305
Segment 3,100,2.0,44.87,10.56,62.0,54.0,34.0,37.0,0.0,405.81,21.0,40.1,3.38,27.0
